MAP_x,MAP_y,UTM_x,UTM_y
555.1456909179688,27.77581787109375,935831.900143931,1916041.799976101
555.1458129882812,27.775371551513672,935831.900143931,1916041.799976101
