MAP_x,MAP_y,UTM_x,UTM_y
-44.74574661254883,31.25688934326172,935656.785808567,1915464.1170545267
559.4277954101562,39.469844818115234,935821.3459696034,1916050.046465976
125.0179672241211,17.847270965576172,935711.3044631716,1915627.391103142
162.93138122558594,-94.06964111328125,935827.5901771018,1915633.7678279798
